{
  "Link Color" : {
    "Red Component" : 0.023,
    "Color Space" : "Calibrated",
    "Blue Component" : 0.67800000000000005,
    "Alpha Component" : 1,
    "Green Component" : 0.27000000000000002
  },
  "Tags" : [

  ],
  "Ansi 12 Color" : {
    "Green Component" : 0.63529411759999999,
    "Blue Component" : 0.74509803919999995,
    "Red Component" : 0.50588235290000005
  },
  "Ansi 7 Color" : {
    "Green Component" : 0.99997437000274658,
    "Blue Component" : 0.99999129772186279,
    "Red Component" : 1
  },
  "Ansi 8 Color" : {
    "Green Component" : 0,
    "Blue Component" : 0,
    "Red Component" : 0
  },
  "Bold Color" : {
    "Green Component" : 0.7843137255,
    "Blue Component" : 0.77647058820000003,
    "Red Component" : 0.7725490196
  },
  "Ansi 9 Color" : {
    "Green Component" : 0.40000000000000002,
    "Blue Component" : 0.40000000000000002,
    "Red Component" : 0.80000000000000004
  },
  "Horizontal Spacing" : 1,
  "Right Option Key Sends" : 0,
  "Rows" : 25,
  "Default Bookmark" : "No",
  "Cursor Guide Color" : {
    "Red Component" : 0.65000000000000002,
    "Color Space" : "Calibrated",
    "Blue Component" : 1,
    "Alpha Component" : 0.25,
    "Green Component" : 0.91000000000000003
  },
  "Non-ASCII Anti Aliased" : true,
  "Use Bright Bold" : true,
  "Ansi 10 Color" : {
    "Green Component" : 0.74117647060000003,
    "Blue Component" : 0.40784313729999999,
    "Red Component" : 0.70980392160000005
  },
  "Ambiguous Double Width" : false,
  "Jobs to Ignore" : [
    "rlogin",
    "ssh",
    "slogin",
    "telnet"
  ],
  "Ansi 15 Color" : {
    "Green Component" : 0.99997437000274658,
    "Blue Component" : 0.99999129772186279,
    "Red Component" : 1
  },
  "Foreground Color" : {
    "Green Component" : 0.78431372549019607,
    "Blue Component" : 0.77647058823529413,
    "Red Component" : 0.77254901960784317
  },
  "Working Directory" : "\/Users\/pivotal",
  "Blinking Cursor" : false,
  "Disable Window Resizing" : true,
  "Sync Title" : false,
  "Prompt Before Closing 2" : false,
  "BM Growl" : true,
  "Command" : "",
  "Description" : "Default",
  "Mouse Reporting" : true,
  "Screen" : -1,
  "Selection Color" : {
    "Green Component" : 0.23137254901960785,
    "Blue Component" : 0.25490196078431371,
    "Red Component" : 0.21568627450980393
  },
  "Columns" : 80,
  "Idle Code" : 0,
  "Ansi 13 Color" : {
    "Green Component" : 0.58039215690000001,
    "Blue Component" : 0.73333333329999995,
    "Red Component" : 0.69803921570000005
  },
  "Title Components" : 3,
  "Custom Command" : "No",
  "ASCII Anti Aliased" : true,
  "tmux Pane Title" : "Default",
  "Non Ascii Font" : "MonofurNerdFontComplete- 16",
  "Vertical Spacing" : 1,
  "Use Bold Font" : true,
  "Option Key Sends" : 0,
  "Selected Text Color" : {
    "Green Component" : 0.7843137255,
    "Blue Component" : 0.77647058820000003,
    "Red Component" : 0.7725490196
  },
  "Background Color" : {
    "Green Component" : 0.12156862765550613,
    "Blue Component" : 0.12941177189350128,
    "Red Component" : 0.11372549086809158
  },
  "Character Encoding" : 4,
  "Ansi 11 Color" : {
    "Green Component" : 0.77647058820000003,
    "Blue Component" : 0.4549019608,
    "Red Component" : 0.94117647059999998
  },
  "Non-ASCII Ligatures" : true,
  "Use Italic Font" : true,
  "Unlimited Scrollback" : true,
  "Keyboard Map" : {
    "0xf700-0x260000" : {
      "Action" : 10,
      "Text" : "[1;6A"
    },
    "0x37-0x40000" : {
      "Action" : 11,
      "Text" : "0x1f"
    },
    "0x32-0x40000" : {
      "Action" : 11,
      "Text" : "0x00"
    },
    "0xf709-0x20000" : {
      "Action" : 10,
      "Text" : "[17;2~"
    },
    "0xf70c-0x20000" : {
      "Action" : 10,
      "Text" : "[20;2~"
    },
    "0xf729-0x20000" : {
      "Action" : 10,
      "Text" : "[1;2H"
    },
    "0xf72b-0x40000" : {
      "Action" : 10,
      "Text" : "[1;5F"
    },
    "0xf705-0x20000" : {
      "Action" : 10,
      "Text" : "[1;2Q"
    },
    "0xf703-0x260000" : {
      "Action" : 10,
      "Text" : "[1;6C"
    },
    "0xf700-0x220000" : {
      "Action" : 10,
      "Text" : "[1;2A"
    },
    "0xf701-0x280000" : {
      "Action" : 11,
      "Text" : "0x1b 0x1b 0x5b 0x42"
    },
    "0x38-0x40000" : {
      "Action" : 11,
      "Text" : "0x7f"
    },
    "0x33-0x40000" : {
      "Action" : 11,
      "Text" : "0x1b"
    },
    "0xf703-0x220000" : {
      "Action" : 10,
      "Text" : "[1;2C"
    },
    "0xf701-0x240000" : {
      "Action" : 10,
      "Text" : "[1;5B"
    },
    "0xf70d-0x20000" : {
      "Action" : 10,
      "Text" : "[21;2~"
    },
    "0xf702-0x260000" : {
      "Action" : 10,
      "Text" : "[1;6D"
    },
    "0xf729-0x40000" : {
      "Action" : 10,
      "Text" : "[1;5H"
    },
    "0xf706-0x20000" : {
      "Action" : 10,
      "Text" : "[1;2R"
    },
    "0x34-0x40000" : {
      "Action" : 11,
      "Text" : "0x1c"
    },
    "0xf700-0x280000" : {
      "Action" : 11,
      "Text" : "0x1b 0x1b 0x5b 0x41"
    },
    "0x2d-0x40000" : {
      "Action" : 11,
      "Text" : "0x1f"
    },
    "0xf70e-0x20000" : {
      "Action" : 10,
      "Text" : "[23;2~"
    },
    "0xf702-0x220000" : {
      "Action" : 10,
      "Text" : "[1;2D"
    },
    "0xf703-0x280000" : {
      "Action" : 11,
      "Text" : "0x1b 0x1b 0x5b 0x43"
    },
    "0xf700-0x240000" : {
      "Action" : 10,
      "Text" : "[1;5A"
    },
    "0xf707-0x20000" : {
      "Action" : 10,
      "Text" : "[1;2S"
    },
    "0xf70a-0x20000" : {
      "Action" : 10,
      "Text" : "[18;2~"
    },
    "0x35-0x40000" : {
      "Action" : 11,
      "Text" : "0x1d"
    },
    "0xf70f-0x20000" : {
      "Action" : 10,
      "Text" : "[24;2~"
    },
    "0xf703-0x240000" : {
      "Action" : 10,
      "Text" : "[1;5C"
    },
    "0xf701-0x260000" : {
      "Action" : 10,
      "Text" : "[1;6B"
    },
    "0xf702-0x280000" : {
      "Action" : 11,
      "Text" : "0x1b 0x1b 0x5b 0x44"
    },
    "0xf72b-0x20000" : {
      "Action" : 10,
      "Text" : "[1;2F"
    },
    "0x36-0x40000" : {
      "Action" : 11,
      "Text" : "0x1e"
    },
    "0xf708-0x20000" : {
      "Action" : 10,
      "Text" : "[15;2~"
    },
    "0xf701-0x220000" : {
      "Action" : 10,
      "Text" : "[1;2B"
    },
    "0xf70b-0x20000" : {
      "Action" : 10,
      "Text" : "[19;2~"
    },
    "0xf702-0x240000" : {
      "Action" : 10,
      "Text" : "[1;5D"
    },
    "0xf704-0x20000" : {
      "Action" : 10,
      "Text" : "[1;2P"
    }
  },
  "Window Type" : 0,
  "Background Image Location" : "",
  "Blur" : false,
  "Badge Color" : {
    "Red Component" : 1,
    "Color Space" : "Calibrated",
    "Blue Component" : 0,
    "Alpha Component" : 0.5,
    "Green Component" : 0
  },
  "Scrollback Lines" : 0,
  "Send Code When Idle" : false,
  "Close Sessions On End" : true,
  "Terminal Type" : "xterm-256color",
  "Visual Bell" : true,
  "Flashing Bell" : true,
  "Silence Bell" : true,
  "Ansi 14 Color" : {
    "Green Component" : 0.74509803919999995,
    "Blue Component" : 0.71764705880000002,
    "Red Component" : 0.54117647059999996
  },
  "ASCII Ligatures" : true,
  "Name" : "Default",
  "Cursor Text Color" : {
    "Green Component" : 0.12156862765550613,
    "Blue Component" : 0.12941177189350128,
    "Red Component" : 0.11372549086809158
  },
  "Shortcut" : "",
  "Cursor Color" : {
    "Green Component" : 0.7843137255,
    "Blue Component" : 0.77647058820000003,
    "Red Component" : 0.7725490196
  },
  "Transparency" : 0,
  "Ansi 1 Color" : {
    "Green Component" : 0.40000000000000002,
    "Blue Component" : 0.40000000000000002,
    "Red Component" : 0.80000000000000004
  },
  "Ansi 2 Color" : {
    "Green Component" : 0.74117647058823533,
    "Blue Component" : 0.40784313725490196,
    "Red Component" : 0.70980392156862748
  },
  "Ansi 3 Color" : {
    "Green Component" : 0.77647058823529413,
    "Blue Component" : 0.45490196078431372,
    "Red Component" : 0.94117647058823528
  },
  "Ansi 4 Color" : {
    "Green Component" : 0.63529411764705879,